Sheet_name,Current_role,Created_by,Read_by,Written_by,Relations,Human_or_machine,Source_of_truth_or_derived,Target_sheet_or_code,Proposed_action,Migration_risk,Evidence
Custom_Price,Human-facing editable current price catalog,setup_system.gs:configureCustomPriceSheet_ (schema),custom_price.gs:syncCustomPrice; future costing,Manager via syncCustomPrice (human rows) + writeCustomPriceSystemFields_ (hidden IDs),Identity→Catalog_Items/spr_price via custom_price.gs,Human,Source of truth (current prices),Custom_Price (keep as single persistent source),KEEP,LOW - already target sheet; needs catalog_item_type/unit/price_code/FX provenance fields folded in,custom_price.gs:11-67; human-ux-contract.md
Schema_Meta,Schema version record (1 row),setup_system.gs:seedSchemaMeta_,None runtime,None (setup seeds only),None,Machine,Source of truth (schema version only),SYSTEM (version field) or repo/contracts,REMOVE_AFTER_MIGRATION,LOW - single seed row; verifySetupSystem_ asserts 136 columns must be updated,setup_system.gs:213-246; schema_manifest.gs
System_Config,Versioned system parameters sheet (defined, empty body),setup_system.gs (header only),None runtime,None,Reference_Values seeds reference System_Config.value_type/.status namespaces (documentation only),Machine,Source of truth (intended, unused),Construction_Defaults + SYSTEM + Script Properties,REMOVE_AFTER_MIGRATION,LOW - no reader; cleanup referenceSeeds namespaces in schema_manifest.gs,setup_system.gs; schema_manifest.gs:154,2088-2163
Module_Size_Rules,Exact-width module selection rules (rank A-E),setup_system.gs (seed STAGE8_MODULE_SIZE_RULES) + syncStage8ModuleSizeRules,master_data_loader.gs:loadStage8MasterData_; layout_runtime.gs:stage8MarketBaseline_; calculation_orchestrator.gs:75,syncStage8ModuleSizeRules; appendMissingSeedRows_,layout_runtime stage8MarketBaseline_ consumes rows,Machine,Source of truth (module-size grid),Construction Core code/profile (formula-based),REMOVE_AFTER_MIGRATION,HIGH - active Stage 8 layout path; remove only after Construction Core wired into calculateProject,master_data_loader.gs:20,32-57; layout_runtime.gs:7-33,281-284; calculation_orchestrator.gs:67-75
Module_Recipes,Recipe headers (module_class/role/variant),setup_system.gs (seeds),master_data_loader.gs:22; recipe_resolver.gs:resolveStage8Recipes,None runtime (empty by design - REQUIRES_EXPERT),Module_Recipe_Items.recipe_id FK,Machine,Source of truth (recipe registry - empty),Construction Core code/profile,REMOVE_AFTER_MIGRATION,MEDIUM - recipe_resolver actively reads; no approved recipes currently (blocking status),master_data_loader.gs:22; recipe_resolver.gs:36,44-98; google-sheets-schema.md §7
Module_Recipe_Items,Recipe quantity-model rows,setup_system.gs (seeds),master_data_loader.gs:23; recipe_resolver.gs:74; quantity_engine.gs:84,None runtime (empty by design),recipe_id→Module_Recipes; catalog_item_code→Catalog_Items; quantity_rule_version_id→Calculation_Rules; price_code→Catalog_Items,Machine,Source of truth (recipe quantities - empty),Construction Core code/profile,REMOVE_AFTER_MIGRATION,MEDIUM - quantity_engine reads provenance label; remove with recipe path,master_data_loader.gs:23; recipe_resolver.gs:74; quantity_engine.gs:70-98
Catalog_Items,Unified material/edge/hardware/work/service catalog,setup_system.gs; custom_price.gs:syncCustomPrice (upsert),master_data_loader.gs:24; quantity_engine.gs:62-74; FK target for Module_Recipe_Items+Prices,custom_price.gs:upsertObjectRow_ (line 56); retireCatalogItem_,Module_Recipe_Items.catalog_item_code FK; Module_Recipe_Items.price_code FK; spr_price.price_code/catalog_item_code FK; Prices.price_code/catalog_item_code FK,Machine,Source of truth (catalog master),Custom_Price (merge catalog_item_type+default_unit+price_code+lifecycle_status),MERGE,MEDIUM - quantity_engine validates catalog_item_type/price_code/default_unit; merge into Custom_Price then remove,master_data_loader.gs:24; quantity_engine.gs:62-74; custom_price.gs:56,307-317; schema_manifest.gs FK relations
spr_price,Mutable working price inputs (FX/RUB preview),setup_system.gs (header),custom_price.gs:deactivateMissingCustomPriceRows_ (source_ref parse only),custom_price.gs:upsertObjectRow_ (line 57),price_code/catalog_item_code→Catalog_Items,Machine,Derived (working preview; not calculation truth),Custom_Price (FX fields + current_price_rub computed in-memory),REPLACE,HIGH - deactivateMissingCustomPriceRows_ parses Custom_Price:CP_ source_ref pattern; no publication workflow exists so Pricebook/Prices always empty,custom_price.gs:57,291-304; pricebook_resolver.gs (does NOT read spr_price)
Pricebook_Versions,Immutable published pricebook snapshots,setup_system.gs (header; empty body),master_data_loader.gs:26; pricebook_resolver.gs:8-18,None (no publication function in code),Prices.pricebook_version_id FK,Machine,Source of truth (published calculation truth - empty),Custom_Price (in-memory snapshot) or remove publication concept,REMOVE_AFTER_MIGRATION,HIGH - resolveStage8Pricebook requires ACTIVE version; without publication calculateProject returns PRICEBOOK_NOT_AVAILABLE; needs new resolver,pricebook_resolver.gs:8-18; master_data_loader.gs:26
Prices,Published unit prices inside a version,setup_system.gs (header; empty body),master_data_loader.gs:27; pricebook_resolver.gs:19-49,None (no publication function),pricebook_version_id→Pricebook_Versions; price_code/catalog_item_code→Catalog_Items,Machine,Source of truth (published prices - empty),Custom_Price (unit_price+currency+FX provenance),REMOVE_AFTER_MIGRATION,HIGH - resolveStage8Pricebook reads unit_price/provenance; remove with Pricebook_Versions after new resolver,pricebook_resolver.gs:19-49; master_data_loader.gs:27
Calculation_Rules,Rule registry (CODE_BINDING/METADATA_ONLY/BLOCKING_STATUS),setup_system.gs:appendCalculationRuleSeeds_,master_data_loader.gs:25; recipe_resolver.gs:30,56-64; quantity_engine.gs:12-21; pricebook_resolver.gs:22-28,appendCalculationRuleSeeds_ (seeds); Module_Recipe_Items.quantity_rule_version_id FK,Machine,Source of truth (rule registry),Construction Core code + ALPHA_CONSTRUCTION_PROFILE_V1.json,REMOVE_AFTER_MIGRATION,MEDIUM - 4 readers across recipe/quantity/price path; pin implementation_ref moves to code,master_data_loader.gs:25; recipe_resolver.gs:30,56-64; quantity_engine.gs:12-21; pricebook_resolver.gs:22-28
Reference_Values,Enum/reference value documentation,setup_system.gs:appendMissingSeedRows_ (referenceSeeds),None runtime,None (setup seeds only),None (never a referenceSheet target for any dropdown),Machine,Derived (enum mirror of sheets-columns.csv enumValues),schema_manifest.gs enumValues / contracts/ code,REMOVE_AFTER_MIGRATION,LOW - no runtime reader; no dropdown depends on it; values already in schema_manifest.gs referenceSeeds,setup_system.gs:15-19; schema_manifest.gs:2055+; verified no referenceSheet=Reference_Values in manifest